episode,episode_length,episode_reward,frame,step,total_time
0.0,1000.0,103.80139247252214,0,0.0,0.009808063507080078
