episode,episode_length,episode_reward,frame,step,total_time
0.0,1000.0,36.585334928618806,0,0.0,0.0039098262786865234
10.0,1000.0,46.25297177070523,10000,5000.0,174.16191005706787
20.0,1000.0,56.694600352672396,20000,10000.0,458.79281091690063
