episode,episode_length,episode_reward,frame,step,total_time
0.0,1000.0,35.64831660591081,0,0.0,0.003693103790283203
10.0,1000.0,51.95594981469484,10000,5000.0,166.31454515457153
20.0,1000.0,41.49218608368885,20000,10000.0,449.46698212623596
