condition,episodes,mean_return,std_return,median_return,min_return,max_return
Side->Side (In),10,3423.1874267578123,197.73819721137974,3464.1134033203125,3036.006103515625,3660.90673828125
Side->Top (Cross),10,461.85827484130857,228.36477946379597,420.4596710205078,224.1064910888672,884.963623046875
Top->Top (In),10,2756.264892578125,265.4207520769605,2719.56298828125,2314.77294921875,3149.0068359375
Top->Side (Cross),10,401.57835578918457,342.3802668858624,282.275634765625,58.68173599243164,839.3154907226562
